{"cameraMode":{"drawMode":0,"name":"Shaded","section":"Shading Mode"},"sceneLighting":false,"audioPlay":false,"sceneViewState":{"m_AlwaysRefresh":false,"showFog":true,"showSkybox":false,"showFlares":true,"showImageEffects":true,"showParticleSystems":true,"showVisualEffectGraphs":true,"m_FxEnabled":true},"in2DMode":false,"pivot":{"x":-0.674453616142273,"y":-0.7082513570785523,"z":2.1368494033813478},"rotation":{"x":-0.04378559812903404,"y":0.021574361249804498,"z":-0.0009458808926865459,"w":-0.9988084435462952},"size":18.162418365478517,"orthographic":false}