{"cameraMode":{"drawMode":0,"name":"Shaded","section":"Shading Mode"},"sceneLighting":false,"audioPlay":false,"sceneViewState":{"m_AlwaysRefresh":false,"showFog":true,"showSkybox":false,"showFlares":true,"showImageEffects":true,"showParticleSystems":true,"showVisualEffectGraphs":true,"m_FxEnabled":true},"in2DMode":false,"pivot":{"x":-0.0755462646484375,"y":3.669705629348755,"z":-7.721498489379883},"rotation":{"x":-0.04378559812903404,"y":0.021574361249804498,"z":-0.0009458808926865459,"w":-0.9988084435462952},"size":7.941442966461182,"orthographic":false}