{"cameraMode":{"drawMode":0,"name":"Shaded","section":"Shading Mode"},"sceneLighting":true,"audioPlay":false,"sceneViewState":{"m_AlwaysRefresh":false,"showFog":true,"showSkybox":true,"showFlares":true,"showImageEffects":true,"showParticleSystems":true,"showVisualEffectGraphs":true,"m_FxEnabled":true},"in2DMode":false,"pivot":{"x":31.640037536621095,"y":11.36805248260498,"z":15.831937789916993},"rotation":{"x":-0.05874571204185486,"y":0.032035939395427707,"z":-0.0018866942264139653,"w":-0.9977618455886841},"size":114.47870635986328,"orthographic":false}