{"cameraMode":{"drawMode":0,"name":"Shaded","section":"Shading Mode"},"sceneLighting":false,"audioPlay":false,"sceneViewState":{"m_AlwaysRefresh":false,"showFog":true,"showSkybox":false,"showFlares":true,"showImageEffects":true,"showParticleSystems":true,"showVisualEffectGraphs":true,"m_FxEnabled":true},"in2DMode":false,"pivot":{"x":-1.9052562713623047,"y":3.4796130657196047,"z":3.6720657348632814},"rotation":{"x":-0.06013365089893341,"y":0.06792033463716507,"z":-0.004101344849914312,"w":-0.9958701729774475},"size":17.151914596557618,"orthographic":false}