{"cameraMode":{"drawMode":0,"name":"Shaded","section":"Shading Mode"},"sceneLighting":false,"audioPlay":false,"sceneViewState":{"m_AlwaysRefresh":false,"showFog":true,"showSkybox":false,"showFlares":true,"showImageEffects":true,"showParticleSystems":true,"showVisualEffectGraphs":true,"m_FxEnabled":true},"in2DMode":false,"pivot":{"x":-0.5715703964233398,"y":0.40877747535705569,"z":1.6753253936767579},"rotation":{"x":-0.003309293882921338,"y":0.017095642164349557,"z":-0.00005666769720846787,"w":-0.9998494982719421},"size":14.962141990661621,"orthographic":false}