{"cameraMode":{"drawMode":0,"name":"Shaded","section":"Shading Mode"},"sceneLighting":false,"audioPlay":false,"sceneViewState":{"m_AlwaysRefresh":false,"showFog":true,"showSkybox":false,"showFlares":true,"showImageEffects":true,"showParticleSystems":true,"showVisualEffectGraphs":true,"m_FxEnabled":true},"in2DMode":false,"pivot":{"x":-0.05500006675720215,"y":3.1671013832092287,"z":-7.53000020980835},"rotation":{"x":-0.02571786381304264,"y":0.08297335356473923,"z":-0.002142091980203986,"w":-0.9962176084518433},"size":9.060583114624024,"orthographic":false}